Company,Prompt
Waymo,How would you describe the reputation of Waymo?
Waymo,What are the pros and cons of using a service like Waymo?
Waymo,How do people generally feel about Waymo compared to other companies in the industry?
Waymo,Would you consider Waymo a trustworthy company in the robotaxi space? Why or why not?
Waymo,Is Waymo considered a safe choice by the public and experts?
Waymo,What are Waymo’s key strengths as a robotaxi provider?
Waymo,What is Waymo known for in the self-driving car industry?
Waymo,What makes Waymo stand out from other autonomous vehicle companies?
Cruise,How would you describe the reputation of Cruise?
Cruise,What are the pros and cons of using a service like Cruise?
Cruise,How do people generally feel about Cruise compared to other companies in the industry?
Cruise,Would you consider Cruise a trustworthy company in the robotaxi space? Why or why not?
Cruise,Is Cruise considered a safe choice by the public and experts?
Cruise,What are Cruise’s key strengths as a robotaxi provider?
Cruise,What is Cruise known for in the self-driving car industry?
Cruise,What makes Cruise stand out from other autonomous vehicle companies?
Tesla,How would you describe the reputation of Tesla?
Tesla,What are the pros and cons of using a service like Tesla?
Tesla,How do people generally feel about Tesla compared to other companies in the industry?
Tesla,Would you consider Tesla a trustworthy company in the robotaxi space? Why or why not?
Tesla,Is Tesla considered a safe choice by the public and experts?
Tesla,What are Tesla’s key strengths as a robotaxi provider?
Tesla,What is Tesla known for in the self-driving car industry?
Tesla,What makes Tesla stand out from other autonomous vehicle companies?
Zoox,How would you describe the reputation of Zoox?
Zoox,What are the pros and cons of using a service like Zoox?
Zoox,How do people generally feel about Zoox compared to other companies in the industry?
Zoox,Would you consider Zoox a trustworthy company in the robotaxi space? Why or why not?
Zoox,Is Zoox considered a safe choice by the public and experts?
Zoox,What are Zoox’s key strengths as a robotaxi provider?
Zoox,What is Zoox known for in the self-driving car industry?
Zoox,What makes Zoox stand out from other autonomous vehicle companies?
